{
  "data": {
    "isStrike": false
  },
  "metadata": {
    "parserType": "ai",
    "durationMs": 2956,
    "preProcessingStrategy": "basic-cleanup",
    "model": "gemini-2.5-flash-lite",
    "costUsd": {
      "inputCost": 0.0008727000000000001,
      "outputCost": 0.000004000000000000001,
      "cachedCost": 0,
      "thinkingCost": 0,
      "totalCost": 0.0008767000000000001
    },
    "hash": "0e7b33de5c4932683ecf72d6a094a852",
    "tokens": {
      "input": 8727,
      "output": 10,
      "total": 8737
    }
  }
}