{
  "data": {
    "isStrike": false
  },
  "metadata": {
    "parserType": "ai",
    "durationMs": 26636,
    "preProcessingStrategy": "basic-cleanup",
    "model": "gpt-5-nano",
    "costUsd": {
      "inputCost": 0.00048180000000000006,
      "outputCost": 0.0012288000000000002,
      "cachedCost": 0,
      "thinkingCost": 0,
      "totalCost": 0.0017106000000000003
    },
    "hash": "ffded60371fcb8d47b62c949819cc7c5",
    "tokens": {
      "input": 9636,
      "output": 3072,
      "total": 12708
    }
  }
}